route_1,route_2
9680,9560
9680,9900
9560,9680
9560,9900
9900,9680
9900,9560
9560,9680
9560,9900
9680,9560
9680,9900
9900,9560
9900,9680
9900,9560
9900,9680
9560,9900
9560,9680
9680,9900
9680,9560
9791,9790
9791,9480
9790,9791
9790,9480
9480,9791
9480,9790
9940,9310
9940,9501
9940,9720
9940,9630
9940,9380
9940,9722
9940,9500
9940,9800
9310,9940
9310,9501
9310,9720
9310,9630
9310,9380
9310,9722
9310,9500
9310,9800
9501,9940
9501,9310
9501,9720
9501,9630
9501,9380
9501,9722
9501,9500
9501,9800
9720,9940
9720,9310
9720,9501
9720,9630
9720,9380
9720,9722
9720,9500
9720,9800
9630,9940
9630,9310
9630,9501
9630,9720
9630,9380
9630,9722
9630,9500
9630,9800
9380,9940
9380,9310
9380,9501
9380,9720
9380,9630
9380,9722
9380,9500
9380,9800
9722,9940
9722,9310
9722,9501
9722,9720
9722,9630
9722,9380
9722,9500
9722,9800
9500,9940
9500,9310
9500,9501
9500,9720
9500,9630
9500,9380
9500,9722
9500,9800
9800,9940
9800,9310
9800,9501
9800,9720
9800,9630
9800,9380
9800,9722
9800,9500
9230,9660
9660,9230
9722,9720
9722,9400
9722,9080
9722,9410
9720,9722
9720,9400
9720,9080
9720,9410
9400,9722
9400,9720
9400,9080
9400,9410
9080,9722
9080,9720
9080,9400
9080,9410
9410,9722
9410,9720
9410,9400
9410,9080
9180,9010
9010,9180
9501,9500
9500,9501
9500,9501
9501,9500
9180,9010
9010,9180
9720,9722
9722,9720
9900,9560
9560,9900
9790,9070
9070,9790
9340,9230
9230,9340
9720,9410
9720,9722
9720,9400
9410,9720
9410,9722
9410,9400
9722,9720
9722,9410
9722,9400
9400,9720
9400,9410
9400,9722
9310,9500
9310,9140
9310,9501
9500,9310
9500,9140
9500,9501
9140,9310
9140,9500
9140,9501
9501,9310
9501,9500
9501,9140
9430,9600
9600,9430
9310,9900
9310,9560
9310,9080
9900,9310
9900,9560
9900,9080
9560,9310
9560,9900
9560,9080
9080,9310
9080,9900
9080,9560
9500,9501
9500,9960
9500,9961
9501,9500
9501,9960
9501,9961
9960,9500
9960,9501
9960,9961
9961,9500
9961,9501
9961,9960
9500,9501
9501,9500
9140,9500
9140,9560
9140,9501
9500,9140
9500,9560
9500,9501
9560,9140
9560,9500
9560,9501
9501,9140
9501,9500
9501,9560
9500,9501
9500,9960
9500,9961
9500,9140
9501,9500
9501,9960
9501,9961
9501,9140
9960,9500
9960,9501
9960,9961
9960,9140
9961,9500
9961,9501
9961,9960
9961,9140
9140,9500
9140,9501
9140,9960
9140,9961
9791,9900
9791,9790
9791,9500
9791,9090
9791,9140
9791,9310
9791,9730
9791,9160
9791,9070
9791,9501
9791,9560
9791,9080
9900,9791
9900,9790
9900,9500
9900,9090
9900,9140
9900,9310
9900,9730
9900,9160
9900,9070
9900,9501
9900,9560
9900,9080
9790,9791
9790,9900
9790,9500
9790,9090
9790,9140
9790,9310
9790,9730
9790,9160
9790,9070
9790,9501
9790,9560
9790,9080
9500,9791
9500,9900
9500,9790
9500,9090
9500,9140
9500,9310
9500,9730
9500,9160
9500,9070
9500,9501
9500,9560
9500,9080
9090,9791
9090,9900
9090,9790
9090,9500
9090,9140
9090,9310
9090,9730
9090,9160
9090,9070
9090,9501
9090,9560
9090,9080
9140,9791
9140,9900
9140,9790
9140,9500
9140,9090
9140,9310
9140,9730
9140,9160
9140,9070
9140,9501
9140,9560
9140,9080
9310,9791
9310,9900
9310,9790
9310,9500
9310,9090
9310,9140
9310,9730
9310,9160
9310,9070
9310,9501
9310,9560
9310,9080
9730,9791
9730,9900
9730,9790
9730,9500
9730,9090
9730,9140
9730,9310
9730,9160
9730,9070
9730,9501
9730,9560
9730,9080
9160,9791
9160,9900
9160,9790
9160,9500
9160,9090
9160,9140
9160,9310
9160,9730
9160,9070
9160,9501
9160,9560
9160,9080
9070,9791
9070,9900
9070,9790
9070,9500
9070,9090
9070,9140
9070,9310
9070,9730
9070,9160
9070,9501
9070,9560
9070,9080
9501,9791
9501,9900
9501,9790
9501,9500
9501,9090
9501,9140
9501,9310
9501,9730
9501,9160
9501,9070
9501,9560
9501,9080
9560,9791
9560,9900
9560,9790
9560,9500
9560,9090
9560,9140
9560,9310
9560,9730
9560,9160
9560,9070
9560,9501
9560,9080
9080,9791
9080,9900
9080,9790
9080,9500
9080,9090
9080,9140
9080,9310
9080,9730
9080,9160
9080,9070
9080,9501
9080,9560
9560,9900
9560,9680
9900,9560
9900,9680
9680,9560
9680,9900
9230,9480
9480,9230
9080,9600
9600,9080
9500,9790
9500,9480
9500,9501
9790,9500
9790,9480
9790,9501
9480,9500
9480,9790
9480,9501
9501,9500
9501,9790
9501,9480
9640,9940
9940,9640
9560,9980
9560,9900
9980,9560
9980,9900
9900,9560
9900,9980
9310,9080
9310,9560
9310,9900
9080,9310
9080,9560
9080,9900
9560,9310
9560,9080
9560,9900
9900,9310
9900,9080
9900,9560
9730,9960
9730,9961
9960,9730
9960,9961
9961,9730
9961,9960
9722,9720
9720,9722
9501,9961
9501,9800
9501,9400
9501,9140
9501,9480
9501,9960
9501,9500
9501,9660
9961,9501
9961,9800
9961,9400
9961,9140
9961,9480
9961,9960
9961,9500
9961,9660
9800,9501
9800,9961
9800,9400
9800,9140
9800,9480
9800,9960
9800,9500
9800,9660
9400,9501
9400,9961
9400,9800
9400,9140
9400,9480
9400,9960
9400,9500
9400,9660
9140,9501
9140,9961
9140,9800
9140,9400
9140,9480
9140,9960
9140,9500
9140,9660
9480,9501
9480,9961
9480,9800
9480,9400
9480,9140
9480,9960
9480,9500
9480,9660
9960,9501
9960,9961
9960,9800
9960,9400
9960,9140
9960,9480
9960,9500
9960,9660
9500,9501
9500,9961
9500,9800
9500,9400
9500,9140
9500,9480
9500,9960
9500,9660
9660,9501
9660,9961
9660,9800
9660,9400
9660,9140
9660,9480
9660,9960
9660,9500
9980,9010
9980,9070
9010,9980
9010,9070
9070,9980
9070,9010
9722,9720
9720,9722
9310,9500
9310,9140
9310,9501
9500,9310
9500,9140
9500,9501
9140,9310
9140,9500
9140,9501
9501,9310
9501,9500
9501,9140
9630,9640
9630,9560
9640,9630
9640,9560
9560,9630
9560,9640
9310,9480
9310,9990
9310,9960
9480,9310
9480,9990
9480,9960
9990,9310
9990,9480
9990,9960
9960,9310
9960,9480
9960,9990
9370,9600
9370,9010
9600,9370
9600,9010
9010,9370
9010,9600
9600,9230
9600,9430
9600,9340
9230,9600
9230,9430
9230,9340
9430,9600
9430,9230
9430,9340
9340,9600
9340,9230
9340,9430
9501,9140
9501,9500
9140,9501
9140,9500
9500,9501
9500,9140
9960,9961
9961,9960
9140,9800
9140,9990
9800,9140
9800,9990
9990,9140
9990,9800
9500,9501
9501,9500
9070,9010
9010,9070
9900,9560
9900,9230
9900,9070
9900,9730
9900,9080
9900,9310
9560,9900
9560,9230
9560,9070
9560,9730
9560,9080
9560,9310
9230,9900
9230,9560
9230,9070
9230,9730
9230,9080
9230,9310
9070,9900
9070,9560
9070,9230
9070,9730
9070,9080
9070,9310
9730,9900
9730,9560
9730,9230
9730,9070
9730,9080
9730,9310
9080,9900
9080,9560
9080,9230
9080,9070
9080,9730
9080,9310
9310,9900
9310,9560
9310,9230
9310,9070
9310,9730
9310,9080
9800,9940
9940,9800
9230,9180
9230,9340
9180,9230
9180,9340
9340,9230
9340,9180
9600,9180
9180,9600
9790,9791
9790,9180
9790,9230
9791,9790
9791,9180
9791,9230
9180,9790
9180,9791
9180,9230
9230,9790
9230,9791
9230,9180
9900,9680
9900,9560
9680,9900
9680,9560
9560,9900
9560,9680
9070,9790
9790,9070
9960,9080
9960,9961
9080,9960
9080,9961
9961,9960
9961,9080
9220,9560
9560,9220
9722,9720
9722,9400
9720,9722
9720,9400
9400,9722
9400,9720
9722,9400
9722,9720
9400,9722
9400,9720
9720,9722
9720,9400
9960,9961
9960,9310
9961,9960
9961,9310
9310,9960
9310,9961
9730,9410
9410,9730
9630,9560
9560,9630
9960,9961
9961,9960
9070,9730
9730,9070
9920,9080
9080,9920
9980,9680
9980,9961
9980,9920
9980,9080
9980,9960
9680,9980
9680,9961
9680,9920
9680,9080
9680,9960
9961,9980
9961,9680
9961,9920
9961,9080
9961,9960
9920,9980
9920,9680
9920,9961
9920,9080
9920,9960
9080,9980
9080,9680
9080,9961
9080,9920
9080,9960
9960,9980
9960,9680
9960,9961
9960,9920
9960,9080
9180,9010
9010,9180
9900,9160
9160,9900
9790,9791
9791,9790
9790,9230
9790,9140
9790,9791
9790,9500
9790,9501
9230,9790
9230,9140
9230,9791
9230,9500
9230,9501
9140,9790
9140,9230
9140,9791
9140,9500
9140,9501
9791,9790
9791,9230
9791,9140
9791,9500
9791,9501
9500,9790
9500,9230
9500,9140
9500,9791
9500,9501
9501,9790
9501,9230
9501,9140
9501,9791
9501,9500
9900,9560
9560,9900
9230,9600
9230,9340
9600,9230
9600,9340
9340,9230
9340,9600
9900,9560
9560,9900
9791,9790
9790,9791
9791,9790
9791,9480
9790,9791
9790,9480
9480,9791
9480,9790
9791,9790
9790,9791
9720,9722
9722,9720
9722,9720
9720,9722
9791,9790
9790,9791
9430,9230
9430,9600
9230,9430
9230,9600
9600,9430
9600,9230
9791,9790
9790,9791
9961,9310
9961,9960
9310,9961
9310,9960
9960,9961
9960,9310
9501,9500
9500,9501
9410,9720
9410,9080
9410,9722
9410,9400
9720,9410
9720,9080
9720,9722
9720,9400
9080,9410
9080,9720
9080,9722
9080,9400
9722,9410
9722,9720
9722,9080
9722,9400
9400,9410
9400,9720
9400,9080
9400,9722
9310,9160
9310,9791
9310,9140
9310,9090
9310,9790
9310,9501
9310,9500
9310,9900
9160,9310
9160,9791
9160,9140
9160,9090
9160,9790
9160,9501
9160,9500
9160,9900
9791,9310
9791,9160
9791,9140
9791,9090
9791,9790
9791,9501
9791,9500
9791,9900
9140,9310
9140,9160
9140,9791
9140,9090
9140,9790
9140,9501
9140,9500
9140,9900
9090,9310
9090,9160
9090,9791
9090,9140
9090,9790
9090,9501
9090,9500
9090,9900
9790,9310
9790,9160
9790,9791
9790,9140
9790,9090
9790,9501
9790,9500
9790,9900
9501,9310
9501,9160
9501,9791
9501,9140
9501,9090
9501,9790
9501,9500
9501,9900
9500,9310
9500,9160
9500,9791
9500,9140
9500,9090
9500,9790
9500,9501
9500,9900
9900,9310
9900,9160
9900,9791
9900,9140
9900,9090
9900,9790
9900,9501
9900,9500
9720,9722
9722,9720
9990,9230
9990,9940
9990,9800
9990,9140
9990,9480
9230,9990
9230,9940
9230,9800
9230,9140
9230,9480
9940,9990
9940,9230
9940,9800
9940,9140
9940,9480
9800,9990
9800,9230
9800,9940
9800,9140
9800,9480
9140,9990
9140,9230
9140,9940
9140,9800
9140,9480
9480,9990
9480,9230
9480,9940
9480,9800
9480,9140
9600,9900
9900,9600
9140,9790
9790,9140
9310,9960
9960,9310
9560,9680
9560,9900
9680,9560
9680,9900
9900,9560
9900,9680
9220,9160
9220,9560
9160,9220
9160,9560
9560,9220
9560,9160
9730,9500
9730,9501
9500,9730
9500,9501
9501,9730
9501,9500
9560,9070
9560,9730
9560,9080
9070,9560
9070,9730
9070,9080
9730,9560
9730,9070
9730,9080
9080,9560
9080,9070
9080,9730
9500,9501
9500,9140
9501,9500
9501,9140
9140,9500
9140,9501
9960,9961
9961,9960
9180,9010
9010,9180
9310,9080
9080,9310
9900,9560
9900,9090
9560,9900
9560,9090
9090,9900
9090,9560
9660,9230
9230,9660
9080,9920
9920,9080
9730,9960
9730,9961
9960,9730
9960,9961
9961,9730
9961,9960
9961,9960
9961,9730
9960,9961
9960,9730
9730,9961
9730,9960
9730,9960
9730,9961
9960,9730
9960,9961
9961,9730
9961,9960
9791,9380
9791,9790
9791,9940
9380,9791
9380,9790
9380,9940
9790,9791
9790,9380
9790,9940
9940,9791
9940,9380
9940,9790
9180,9730
9180,9010
9730,9180
9730,9010
9010,9180
9010,9730
9660,9500
9660,9960
9660,9501
9660,9961
9660,9140
9500,9660
9500,9960
9500,9501
9500,9961
9500,9140
9960,9660
9960,9500
9960,9501
9960,9961
9960,9140
9501,9660
9501,9500
9501,9960
9501,9961
9501,9140
9961,9660
9961,9500
9961,9960
9961,9501
9961,9140
9140,9660
9140,9500
9140,9960
9140,9501
9140,9961
9010,9730
9730,9010
9900,9560
9560,9900
9722,9400
9722,9720
9400,9722
9400,9720
9720,9722
9720,9400
9090,9680
9680,9090
9090,9680
9680,9090
9791,9790
9790,9791
9730,9560
9730,9070
9730,9080
9560,9730
9560,9070
9560,9080
9070,9730
9070,9560
9070,9080
9080,9730
9080,9560
9080,9070
9010,9180
9180,9010
9140,9500
9140,9501
9500,9140
9500,9501
9501,9140
9501,9500
9180,9340
9180,9010
9180,9230
9340,9180
9340,9010
9340,9230
9010,9180
9010,9340
9010,9230
9230,9180
9230,9340
9230,9010
9501,9500
9500,9501
9430,9600
9600,9430
9790,9730
9790,9961
9790,9960
9730,9790
9730,9961
9730,9960
9961,9790
9961,9730
9961,9960
9960,9790
9960,9730
9960,9961
9501,9140
9501,9500
9140,9501
9140,9500
9500,9501
9500,9140
9790,9791
9791,9790
9800,9140
9140,9800
9961,9960
9960,9961
9340,9230
9340,9600
9230,9340
9230,9600
9600,9340
9600,9230
9990,9480
9480,9990
9730,9070
9070,9730
9720,9400
9720,9722
9720,9080
9400,9720
9400,9722
9400,9080
9722,9720
9722,9400
9722,9080
9080,9720
9080,9400
9080,9722
9920,9080
9080,9920
9080,9310
9310,9080
9090,9680
9680,9090
9961,9960
9960,9961
9400,9720
9400,9722
9720,9400
9720,9722
9722,9400
9722,9720
9180,9501
9180,9010
9180,9500
9501,9180
9501,9010
9501,9500
9010,9180
9010,9501
9010,9500
9500,9180
9500,9501
9500,9010
9090,9680
9680,9090
9080,9310
9080,9900
9080,9560
9310,9080
9310,9900
9310,9560
9900,9080
9900,9310
9900,9560
9560,9080
9560,9310
9560,9900
9080,9310
9310,9080
9722,9720
9720,9722
9501,9500
9501,9140
9500,9501
9500,9140
9140,9501
9140,9500
9980,9680
9680,9980
9961,9960
9961,9310
9960,9961
9960,9310
9310,9961
9310,9960
9230,9791
9230,9180
9230,9790
9791,9230
9791,9180
9791,9790
9180,9230
9180,9791
9180,9790
9790,9230
9790,9791
9790,9180
9501,9500
9500,9501
9720,9722
9722,9720
9090,9230
9230,9090
9500,9990
9500,9501
9500,9660
9500,9140
9990,9500
9990,9501
9990,9660
9990,9140
9501,9500
9501,9990
9501,9660
9501,9140
9660,9500
9660,9990
9660,9501
9660,9140
9140,9500
9140,9990
9140,9501
9140,9660
9480,9560
9560,9480
9790,9791
9791,9790
9090,9180
9090,9010
9180,9090
9180,9010
9010,9090
9010,9180
9900,9160
9160,9900
9480,9990
9990,9480
9500,9501
9501,9500
9180,9010
9010,9180
9010,9180
9180,9010
9790,9980
9980,9790
9501,9960
9501,9961
9501,9500
9960,9501
9960,9961
9960,9500
9961,9501
9961,9960
9961,9500
9500,9501
9500,9960
9500,9961
9640,9560
9560,9640
9480,9990
9990,9480
9961,9960
9961,9080
9960,9961
9960,9080
9080,9961
9080,9960
9560,9900
9560,9730
9560,9070
9560,9310
9560,9080
9900,9560
9900,9730
9900,9070
9900,9310
9900,9080
9730,9560
9730,9900
9730,9070
9730,9310
9730,9080
9070,9560
9070,9900
9070,9730
9070,9310
9070,9080
9310,9560
9310,9900
9310,9730
9310,9070
9310,9080
9080,9560
9080,9900
9080,9730
9080,9070
9080,9310
9560,9630
9560,9640
9630,9560
9630,9640
9640,9560
9640,9630
9720,9722
9722,9720
9960,9961
9961,9960
9080,9920
9920,9080
9960,9961
9961,9960
9960,9961
9961,9960
9990,9800
9990,9140
9800,9990
9800,9140
9140,9990
9140,9800
9501,9500
9500,9501
9790,9791
9791,9790
9310,9960
9960,9310
9340,9230
9340,9310
9230,9340
9230,9310
9310,9340
9310,9230
9720,9400
9720,9080
9400,9720
9400,9080
9080,9720
9080,9400
9730,9722
9730,9720
9730,9480
9722,9730
9722,9720
9722,9480
9720,9730
9720,9722
9720,9480
9480,9730
9480,9722
9480,9720
9160,9900
9900,9160
9310,9960
9960,9310
9791,9790
9790,9791
9180,9010
9010,9180
9560,9080
9560,9900
9560,9310
9080,9560
9080,9900
9080,9310
9900,9560
9900,9080
9900,9310
9310,9560
9310,9080
9310,9900
9140,9501
9140,9500
9140,9791
9140,9090
9140,9790
9501,9140
9501,9500
9501,9791
9501,9090
9501,9790
9500,9140
9500,9501
9500,9791
9500,9090
9500,9790
9791,9140
9791,9501
9791,9500
9791,9090
9791,9790
9090,9140
9090,9501
9090,9500
9090,9791
9090,9790
9790,9140
9790,9501
9790,9500
9790,9791
9790,9090
9380,9790
9380,9791
9380,9480
9790,9380
9790,9791
9790,9480
9791,9380
9791,9790
9791,9480
9480,9380
9480,9790
9480,9791
9080,9720
9080,9410
9080,9180
9080,9400
9080,9070
9720,9080
9720,9410
9720,9180
9720,9400
9720,9070
9410,9080
9410,9720
9410,9180
9410,9400
9410,9070
9180,9080
9180,9720
9180,9410
9180,9400
9180,9070
9400,9080
9400,9720
9400,9410
9400,9180
9400,9070
9070,9080
9070,9720
9070,9410
9070,9180
9070,9400
9722,9400
9722,9720
9400,9722
9400,9720
9720,9722
9720,9400
9230,9340
9340,9230
9722,9720
9720,9722
9180,9010
9180,9070
9010,9180
9010,9070
9070,9180
9070,9010
9720,9410
9720,9722
9720,9080
9720,9400
9410,9720
9410,9722
9410,9080
9410,9400
9722,9720
9722,9410
9722,9080
9722,9400
9080,9720
9080,9410
9080,9722
9080,9400
9400,9720
9400,9410
9400,9722
9400,9080
9730,9310
9730,9070
9730,9900
9730,9560
9730,9080
9310,9730
9310,9070
9310,9900
9310,9560
9310,9080
9070,9730
9070,9310
9070,9900
9070,9560
9070,9080
9900,9730
9900,9310
9900,9070
9900,9560
9900,9080
9560,9730
9560,9310
9560,9070
9560,9900
9560,9080
9080,9730
9080,9310
9080,9070
9080,9900
9080,9560
9500,9501
9501,9500
9560,9900
9560,9680
9900,9560
9900,9680
9680,9560
9680,9900
9600,9430
9430,9600
9501,9500
9500,9501
9560,9900
9560,9680
9900,9560
9900,9680
9680,9560
9680,9900
9340,9230
9230,9340
9720,9500
9720,9400
9720,9501
9720,9722
9500,9720
9500,9400
9500,9501
9500,9722
9400,9720
9400,9500
9400,9501
9400,9722
9501,9720
9501,9500
9501,9400
9501,9722
9722,9720
9722,9500
9722,9400
9722,9501
9500,9140
9500,9680
9500,9090
9140,9500
9140,9680
9140,9090
9680,9500
9680,9140
9680,9090
9090,9500
9090,9140
9090,9680
9560,9900
9900,9560
9600,9230
9600,9340
9230,9600
9230,9340
9340,9600
9340,9230
9480,9990
9480,9560
9480,9380
9480,9791
9480,9640
9480,9790
9480,9230
9990,9480
9990,9560
9990,9380
9990,9791
9990,9640
9990,9790
9990,9230
9560,9480
9560,9990
9560,9380
9560,9791
9560,9640
9560,9790
9560,9230
9380,9480
9380,9990
9380,9560
9380,9791
9380,9640
9380,9790
9380,9230
9791,9480
9791,9990
9791,9560
9791,9380
9791,9640
9791,9790
9791,9230
9640,9480
9640,9990
9640,9560
9640,9380
9640,9791
9640,9790
9640,9230
9790,9480
9790,9990
9790,9560
9790,9380
9790,9791
9790,9640
9790,9230
9230,9480
9230,9990
9230,9560
9230,9380
9230,9791
9230,9640
9230,9790
9560,9680
9560,9900
9680,9560
9680,9900
9900,9560
9900,9680
9560,9500
9560,9501
9560,9140
9500,9560
9500,9501
9500,9140
9501,9560
9501,9500
9501,9140
9140,9560
9140,9500
9140,9501
9180,9720
9180,9070
9180,9410
9180,9080
9180,9722
9180,9400
9720,9180
9720,9070
9720,9410
9720,9080
9720,9722
9720,9400
9070,9180
9070,9720
9070,9410
9070,9080
9070,9722
9070,9400
9410,9180
9410,9720
9410,9070
9410,9080
9410,9722
9410,9400
9080,9180
9080,9720
9080,9070
9080,9410
9080,9722
9080,9400
9722,9180
9722,9720
9722,9070
9722,9410
9722,9080
9722,9400
9400,9180
9400,9720
9400,9070
9400,9410
9400,9080
9400,9722
9900,9560
9900,9680
9560,9900
9560,9680
9680,9900
9680,9560
9090,9680
9680,9090
9180,9090
9180,9010
9090,9180
9090,9010
9010,9180
9010,9090
9790,9640
9790,9791
9790,9560
9640,9790
9640,9791
9640,9560
9791,9790
9791,9640
9791,9560
9560,9790
9560,9640
9560,9791
9791,9790
9790,9791
9400,9720
9400,9722
9720,9400
9720,9722
9722,9400
9722,9720
9180,9790
9180,9010
9180,9230
9180,9791
9790,9180
9790,9010
9790,9230
9790,9791
9010,9180
9010,9790
9010,9230
9010,9791
9230,9180
9230,9790
9230,9010
9230,9791
9791,9180
9791,9790
9791,9010
9791,9230
9640,9560
9560,9640
9180,9600
9600,9180
9900,9560
9560,9900
9500,9501
9500,9140
9501,9500
9501,9140
9140,9500
9140,9501
9730,9410
9410,9730
9680,9900
9680,9560
9900,9680
9900,9560
9560,9680
9560,9900
9720,9722
9722,9720
9140,9501
9140,9500
9501,9140
9501,9500
9500,9140
9500,9501
9380,9501
9380,9140
9380,9500
9380,9660
9501,9380
9501,9140
9501,9500
9501,9660
9140,9380
9140,9501
9140,9500
9140,9660
9500,9380
9500,9501
9500,9140
9500,9660
9660,9380
9660,9501
9660,9140
9660,9500
9180,9010
9180,9140
9010,9180
9010,9140
9140,9180
9140,9010
9720,9722
9722,9720
9900,9560
9560,9900
9480,9990
9990,9480
9500,9501
9501,9500
9722,9720
9722,9400
9720,9722
9720,9400
9400,9722
9400,9720
9340,9600
9600,9340
9900,9090
9900,9680
9900,9560
9090,9900
9090,9680
9090,9560
9680,9900
9680,9090
9680,9560
9560,9900
9560,9090
9560,9680
9310,9230
9310,9600
9310,9340
9230,9310
9230,9600
9230,9340
9600,9310
9600,9230
9600,9340
9340,9310
9340,9230
9340,9600
9961,9960
9960,9961
9180,9010
9010,9180
9501,9800
9501,9500
9501,9140
9800,9501
9800,9500
9800,9140
9500,9501
9500,9800
9500,9140
9140,9501
9140,9800
9140,9500
9660,9480
9660,9230
9480,9660
9480,9230
9230,9660
9230,9480
9340,9230
9230,9340
9960,9961
9960,9310
9961,9960
9961,9310
9310,9960
9310,9961
9960,9961
9961,9960
9960,9961
9960,9080
9961,9960
9961,9080
9080,9960
9080,9961
9961,9960
9960,9961
9600,9310
9310,9600
9230,9791
9230,9790
9791,9230
9791,9790
9790,9230
9790,9791
9180,9010
9010,9180
9600,9430
9430,9600
9900,9560
9560,9900
9640,9560
9560,9640
9722,9080
9722,9600
9722,9180
9722,9410
9722,9400
9722,9730
9722,9720
9722,9070
9080,9722
9080,9600
9080,9180
9080,9410
9080,9400
9080,9730
9080,9720
9080,9070
9600,9722
9600,9080
9600,9180
9600,9410
9600,9400
9600,9730
9600,9720
9600,9070
9180,9722
9180,9080
9180,9600
9180,9410
9180,9400
9180,9730
9180,9720
9180,9070
9410,9722
9410,9080
9410,9600
9410,9180
9410,9400
9410,9730
9410,9720
9410,9070
9400,9722
9400,9080
9400,9600
9400,9180
9400,9410
9400,9730
9400,9720
9400,9070
9730,9722
9730,9080
9730,9600
9730,9180
9730,9410
9730,9400
9730,9720
9730,9070
9720,9722
9720,9080
9720,9600
9720,9180
9720,9410
9720,9400
9720,9730
9720,9070
9070,9722
9070,9080
9070,9600
9070,9180
9070,9410
9070,9400
9070,9730
9070,9720
9720,9722
9722,9720
9180,9791
9180,9230
9180,9790
9791,9180
9791,9230
9791,9790
9230,9180
9230,9791
9230,9790
9790,9180
9790,9791
9790,9230
9600,9430
9430,9600
9560,9220
9220,9560
9310,9080
9080,9310
9940,9230
9940,9480
9230,9940
9230,9480
9480,9940
9480,9230
9660,9990
9990,9660
9660,9230
9230,9660
9080,9400
9080,9720
9080,9722
9400,9080
9400,9720
9400,9722
9720,9080
9720,9400
9720,9722
9722,9080
9722,9400
9722,9720
9560,9900
9900,9560
9340,9230
9230,9340
9080,9920
9920,9080
9140,9500
9140,9501
9500,9140
9500,9501
9501,9140
9501,9500
9961,9960
9960,9961
9180,9010
9010,9180
9501,9500
9501,9140
9501,9180
9501,9010
9500,9501
9500,9140
9500,9180
9500,9010
9140,9501
9140,9500
9140,9180
9140,9010
9180,9501
9180,9500
9180,9140
9180,9010
9010,9501
9010,9500
9010,9140
9010,9180
9720,9722
9722,9720
9501,9500
9501,9140
9500,9501
9500,9140
9140,9501
9140,9500
9501,9340
9501,9140
9501,9310
9501,9230
9501,9500
9340,9501
9340,9140
9340,9310
9340,9230
9340,9500
9140,9501
9140,9340
9140,9310
9140,9230
9140,9500
9310,9501
9310,9340
9310,9140
9310,9230
9310,9500
9230,9501
9230,9340
9230,9140
9230,9310
9230,9500
9500,9501
9500,9340
9500,9140
9500,9310
9500,9230
9220,9560
9560,9220
9230,9180
9180,9230
9180,9600
9600,9180
9180,9600
9600,9180
9230,9790
9790,9230
9961,9960
9960,9961
9961,9960
9960,9961
9900,9560
9560,9900
9900,9560
9560,9900
9900,9560
9560,9900
9310,9560
9310,9900
9310,9080
9560,9310
9560,9900
9560,9080
9900,9310
9900,9560
9900,9080
9080,9310
9080,9560
9080,9900
9070,9560
9070,9310
9070,9900
9070,9080
9560,9070
9560,9310
9560,9900
9560,9080
9310,9070
9310,9560
9310,9900
9310,9080
9900,9070
9900,9560
9900,9310
9900,9080
9080,9070
9080,9560
9080,9310
9080,9900
9722,9720
9720,9722
9480,9430
9430,9480
9961,9730
9961,9960
9730,9961
9730,9960
9960,9961
9960,9730
9720,9400
9720,9722
9400,9720
9400,9722
9722,9720
9722,9400
9230,9480
9480,9230
9660,9230
9230,9660
9961,9960
9960,9961
9900,9080
9900,9310
9900,9560
9080,9900
9080,9310
9080,9560
9310,9900
9310,9080
9310,9560
9560,9900
9560,9080
9560,9310
9990,9480
9480,9990
9900,9310
9900,9070
9900,9080
9900,9560
9310,9900
9310,9070
9310,9080
9310,9560
9070,9900
9070,9310
9070,9080
9070,9560
9080,9900
9080,9310
9080,9070
9080,9560
9560,9900
9560,9310
9560,9070
9560,9080
9400,9722
9400,9720
9722,9400
9722,9720
9720,9400
9720,9722
9791,9790
9790,9791
9501,9990
9501,9140
9501,9500
9990,9501
9990,9140
9990,9500
9140,9501
9140,9990
9140,9500
9500,9501
9500,9990
9500,9140
9010,9560
9010,9180
9010,9080
9010,9310
9010,9900
9560,9010
9560,9180
9560,9080
9560,9310
9560,9900
9180,9010
9180,9560
9180,9080
9180,9310
9180,9900
9080,9010
9080,9560
9080,9180
9080,9310
9080,9900
9310,9010
9310,9560
9310,9180
9310,9080
9310,9900
9900,9010
9900,9560
9900,9180
9900,9080
9900,9310
9600,9430
9600,9230
9430,9600
9430,9230
9230,9600
9230,9430
9800,9940
9940,9800
9480,9230
9230,9480
9960,9410
9410,9960
9961,9960
9960,9961
9900,9560
9560,9900
9080,9310
9310,9080
9961,9960
9961,9310
9960,9961
9960,9310
9310,9961
9310,9960
9560,9900
9560,9980
9560,9800
9900,9560
9900,9980
9900,9800
9980,9560
9980,9900
9980,9800
9800,9560
9800,9900
9800,9980
9500,9501
9501,9500
9960,9961
9961,9960
9961,9960
9960,9961
9230,9340
9230,9010
9230,9180
9340,9230
9340,9010
9340,9180
9010,9230
9010,9340
9010,9180
9180,9230
9180,9340
9180,9010
9560,9900
9900,9560
9730,9070
9070,9730
9680,9980
9980,9680
9680,9560
9680,9900
9560,9680
9560,9900
9900,9680
9900,9560
9340,9230
9230,9340
9310,9080
9310,9900
9310,9560
9080,9310
9080,9900
9080,9560
9900,9310
9900,9080
9900,9560
9560,9310
9560,9080
9560,9900
9730,9070
9070,9730
9400,9722
9400,9720
9722,9400
9722,9720
9720,9400
9720,9722
9560,9900
9900,9560
9961,9960
9961,9730
9960,9961
9960,9730
9730,9961
9730,9960
9080,9310
9310,9080
9080,9722
9080,9720
9080,9400
9080,9410
9722,9080
9722,9720
9722,9400
9722,9410
9720,9080
9720,9722
9720,9400
9720,9410
9400,9080
9400,9722
9400,9720
9400,9410
9410,9080
9410,9722
9410,9720
9410,9400
9960,9961
9960,9310
9961,9960
9961,9310
9310,9960
9310,9961
9730,9410
9410,9730
9501,9140
9501,9500
9140,9501
9140,9500
9500,9501
9500,9140
9090,9680
9680,9090
9920,9080
9080,9920
9090,9680
9680,9090
9640,9560
9560,9640
9680,9090
9090,9680
9560,9900
9560,9090
9900,9560
9900,9090
9090,9560
9090,9900
9070,9730
9070,9790
9730,9070
9730,9790
9790,9070
9790,9730
9790,9791
9791,9790
9900,9560
9560,9900
9790,9800
9790,9730
9790,9791
9800,9790
9800,9730
9800,9791
9730,9790
9730,9800
9730,9791
9791,9790
9791,9800
9791,9730
9560,9900
9900,9560
9501,9800
9501,9500
9800,9501
9800,9500
9500,9501
9500,9800
9500,9501
9500,9990
9500,9140
9501,9500
9501,9990
9501,9140
9990,9500
9990,9501
9990,9140
9140,9500
9140,9501
9140,9990
9160,9900
9900,9160
9790,9791
9790,9940
9790,9380
9790,9480
9791,9790
9791,9940
9791,9380
9791,9480
9940,9790
9940,9791
9940,9380
9940,9480
9380,9790
9380,9791
9380,9940
9380,9480
9480,9790
9480,9791
9480,9940
9480,9380
9720,9722
9720,9500
9722,9720
9722,9500
9500,9720
9500,9722
9961,9960
9960,9961
9560,9630
9560,9800
9630,9560
9630,9800
9800,9560
9800,9630
9900,9600
9900,9560
9900,9220
9900,9160
9600,9900
9600,9560
9600,9220
9600,9160
9560,9900
9560,9600
9560,9220
9560,9160
9220,9900
9220,9600
9220,9560
9220,9160
9160,9900
9160,9600
9160,9560
9160,9220
9600,9900
9900,9600
9140,9500
9500,9140
9230,9660
9660,9230
9070,9730
9730,9070
9791,9790
9791,9480
9790,9791
9790,9480
9480,9791
9480,9790
9310,9140
9310,9501
9310,9500
9140,9310
9140,9501
9140,9500
9501,9310
9501,9140
9501,9500
9500,9310
9500,9140
9500,9501
9790,9380
9790,9791
9380,9790
9380,9791
9791,9790
9791,9380
9940,9660
9660,9940
9560,9220
9220,9560
9980,9900
9980,9560
9900,9980
9900,9560
9560,9980
9560,9900
9961,9960
9961,9310
9960,9961
9960,9310
9310,9961
9310,9960
9960,9961
9961,9960
9090,9140
9140,9090
9410,9230
9230,9410
9790,9791
9791,9790
9180,9010
9010,9180
9961,9960
9960,9961
9730,9961
9730,9960
9961,9730
9961,9960
9960,9730
9960,9961
9380,9900
9900,9380
9900,9560
9560,9900
9900,9560
9560,9900
9660,9230
9230,9660
9090,9680
9680,9090
9790,9791
9791,9790
9900,9090
9900,9560
9090,9900
9090,9560
9560,9900
9560,9090
9722,9640
9722,9400
9722,9720
9640,9722
9640,9400
9640,9720
9400,9722
9400,9640
9400,9720
9720,9722
9720,9640
9720,9400
9560,9640
9640,9560
9560,9900
9900,9560
9720,9722
9722,9720
9080,9500
9080,9310
9080,9501
9500,9080
9500,9310
9500,9501
9310,9080
9310,9500
9310,9501
9501,9080
9501,9500
9501,9310
9080,9900
9080,9310
9080,9560
9900,9080
9900,9310
9900,9560
9310,9080
9310,9900
9310,9560
9560,9080
9560,9900
9560,9310
9230,9340
9340,9230
9501,9500
9501,9660
9501,9140
9500,9501
9500,9660
9500,9140
9660,9501
9660,9500
9660,9140
9140,9501
9140,9500
9140,9660
9790,9070
9070,9790
9410,9730
9730,9410
9722,9720
9720,9722
9500,9501
9501,9500
9722,9400
9722,9720
9400,9722
9400,9720
9720,9722
9720,9400
9180,9730
9730,9180
9680,9090
9090,9680
9960,9140
9960,9961
9960,9501
9960,9300
9960,9500
9140,9960
9140,9961
9140,9501
9140,9300
9140,9500
9961,9960
9961,9140
9961,9501
9961,9300
9961,9500
9501,9960
9501,9140
9501,9961
9501,9300
9501,9500
9300,9960
9300,9140
9300,9961
9300,9501
9300,9500
9500,9960
9500,9140
9500,9961
9500,9501
9500,9300
9501,9500
9500,9501
9960,9961
9960,9080
9961,9960
9961,9080
9080,9960
9080,9961
9501,9500
9500,9501
9160,9900
9160,9080
9160,9560
9160,9310
9160,9730
9160,9070
9900,9160
9900,9080
9900,9560
9900,9310
9900,9730
9900,9070
9080,9160
9080,9900
9080,9560
9080,9310
9080,9730
9080,9070
9560,9160
9560,9900
9560,9080
9560,9310
9560,9730
9560,9070
9310,9160
9310,9900
9310,9080
9310,9560
9310,9730
9310,9070
9730,9160
9730,9900
9730,9080
9730,9560
9730,9310
9730,9070
9070,9160
9070,9900
9070,9080
9070,9560
9070,9310
9070,9730
9600,9430
9430,9600
9010,9180
9180,9010
9730,9660
9730,9230
9660,9730
9660,9230
9230,9730
9230,9660
9010,9180
9180,9010
9310,9560
9310,9080
9310,9900
9560,9310
9560,9080
9560,9900
9080,9310
9080,9560
9080,9900
9900,9310
9900,9560
9900,9080
9730,9410
9410,9730
9560,9220
9220,9560
9480,9380
9480,9990
9380,9480
9380,9990
9990,9480
9990,9380
9960,9730
9960,9961
9960,9790
9730,9960
9730,9961
9730,9790
9961,9960
9961,9730
9961,9790
9790,9960
9790,9730
9790,9961
9501,9500
9500,9501
9722,9720
9722,9400
9720,9722
9720,9400
9400,9722
9400,9720
9961,9960
9961,9730
9960,9961
9960,9730
9730,9961
9730,9960
9560,9900
9900,9560
9310,9960
9310,9961
9310,9080
9960,9310
9960,9961
9960,9080
9961,9310
9961,9960
9961,9080
9080,9310
9080,9960
9080,9961
9980,9680
9680,9980
9010,9410
9410,9010
9501,9500
9501,9140
9500,9501
9500,9140
9140,9501
9140,9500
9500,9961
9500,9501
9500,9960
9961,9500
9961,9501
9961,9960
9501,9500
9501,9961
9501,9960
9960,9500
9960,9961
9960,9501
9790,9380
9790,9791
9380,9790
9380,9791
9791,9790
9791,9380
9800,9480
9800,9790
9480,9800
9480,9790
9790,9800
9790,9480
9961,9730
9961,9230
9961,9960
9730,9961
9730,9230
9730,9960
9230,9961
9230,9730
9230,9960
9960,9961
9960,9730
9960,9230
9230,9340
9340,9230
9720,9722
9722,9720
9180,9070
9180,9010
9180,9790
9180,9730
9070,9180
9070,9010
9070,9790
9070,9730
9010,9180
9010,9070
9010,9790
9010,9730
9790,9180
9790,9070
9790,9010
9790,9730
9730,9180
9730,9070
9730,9010
9730,9790
9961,9960
9960,9961
9340,9600
9340,9230
9600,9340
9600,9230
9230,9340
9230,9600
9790,9791
9791,9790
